Event Index,UTC Timestamp,UTC Date,Local Timestamp,Local Timezone,Local Date,Experiment ID,Experiment Version,Tree Node Key,Repeat Key,Schedule ID,Participant Public ID,Participant Private ID,Participant Starting Group,Participant Status,Participant Completion Code,Participant External Session ID,Participant Device Type,Participant Device,Participant OS,Participant Browser,Participant Monitor Size,Participant Viewport Size,Checkpoint,Task Name,Task Version,Randomise questionnaire elements?,Question Key,Response
1,1632301322913,22/09/2021 09:02:02,1632301322695,10,22/09/2021 19:02:02,61434,1,questionnaire-292l,,15920523,60ee830fe4fdfd6f71be5290,4708213,,complete,,614af0ee42d1add6a218b647,computer,Desktop or Laptop,Windows 10,Firefox 92.0,1920x1080,1857x995,,Specific Consent sept21- pilot30,2,No,BEGIN QUESTIONNAIRE,
2,1632301351071,22/09/2021 09:02:31,1632301350892,10,22/09/2021 19:02:30,61434,1,questionnaire-292l,,15920523,60ee830fe4fdfd6f71be5290,4708213,,complete,,614af0ee42d1add6a218b647,computer,Desktop or Laptop,Windows 10,Firefox 92.0,1920x1080,1840x995,,Specific Consent sept21- pilot30,2,No,response-9-1,Yes
3,1632301351398,22/09/2021 09:02:31,1632301350892,10,22/09/2021 19:02:30,61434,1,questionnaire-292l,,15920523,60ee830fe4fdfd6f71be5290,4708213,,complete,,614af0ee42d1add6a218b647,computer,Desktop or Laptop,Windows 10,Firefox 92.0,1920x1080,1840x995,,Specific Consent sept21- pilot30,2,No,response-10-1,Yes
4,1632301351398,22/09/2021 09:02:31,1632301350893,10,22/09/2021 19:02:30,61434,1,questionnaire-292l,,15920523,60ee830fe4fdfd6f71be5290,4708213,,complete,,614af0ee42d1add6a218b647,computer,Desktop or Laptop,Windows 10,Firefox 92.0,1920x1080,1840x995,,Specific Consent sept21- pilot30,2,No,response-11-1,Yes
5,1632301351398,22/09/2021 09:02:31,1632301350893,10,22/09/2021 19:02:30,61434,1,questionnaire-292l,,15920523,60ee830fe4fdfd6f71be5290,4708213,,complete,,614af0ee42d1add6a218b647,computer,Desktop or Laptop,Windows 10,Firefox 92.0,1920x1080,1840x995,,Specific Consent sept21- pilot30,2,No,response-12-1,Yes
6,1632301351398,22/09/2021 09:02:31,1632301350893,10,22/09/2021 19:02:30,61434,1,questionnaire-292l,,15920523,60ee830fe4fdfd6f71be5290,4708213,,complete,,614af0ee42d1add6a218b647,computer,Desktop or Laptop,Windows 10,Firefox 92.0,1920x1080,1840x995,,Specific Consent sept21- pilot30,2,No,response-5-1,Yes
7,1632301351398,22/09/2021 09:02:31,1632301350893,10,22/09/2021 19:02:30,61434,1,questionnaire-292l,,15920523,60ee830fe4fdfd6f71be5290,4708213,,complete,,614af0ee42d1add6a218b647,computer,Desktop or Laptop,Windows 10,Firefox 92.0,1920x1080,1840x995,,Specific Consent sept21- pilot30,2,No,response-7-1,Yes
8,1632301351398,22/09/2021 09:02:31,1632301350893,10,22/09/2021 19:02:30,61434,1,questionnaire-292l,,15920523,60ee830fe4fdfd6f71be5290,4708213,,complete,,614af0ee42d1add6a218b647,computer,Desktop or Laptop,Windows 10,Firefox 92.0,1920x1080,1840x995,,Specific Consent sept21- pilot30,2,No,response-14,1
9,1632301351398,22/09/2021 09:02:31,1632301350893,10,22/09/2021 19:02:30,61434,1,questionnaire-292l,,15920523,60ee830fe4fdfd6f71be5290,4708213,,complete,,614af0ee42d1add6a218b647,computer,Desktop or Laptop,Windows 10,Firefox 92.0,1920x1080,1840x995,,Specific Consent sept21- pilot30,2,No,END QUESTIONNAIRE,28198
1,1632396856256,23/09/2021 11:34:16,1632396855860,1,23/09/2021 12:34:15,61434,1,questionnaire-292l,,15944712,60d43e59cced38b25b96be84,4716136,,complete,,614c661b440b5643b1d6a149,computer,Desktop or Laptop,Windows 10,Firefox 92.0,1280x720,1280x595,,Specific Consent sept21- pilot30,2,No,BEGIN QUESTIONNAIRE,
2,1632396870165,23/09/2021 11:34:30,1632396869806,1,23/09/2021 12:34:29,61434,1,questionnaire-292l,,15944712,60d43e59cced38b25b96be84,4716136,,complete,,614c661b440b5643b1d6a149,computer,Desktop or Laptop,Windows 10,Firefox 92.0,1280x720,1263x595,,Specific Consent sept21- pilot30,2,No,response-9-1,Yes
3,1632396870468,23/09/2021 11:34:30,1632396869807,1,23/09/2021 12:34:29,61434,1,questionnaire-292l,,15944712,60d43e59cced38b25b96be84,4716136,,complete,,614c661b440b5643b1d6a149,computer,Desktop or Laptop,Windows 10,Firefox 92.0,1280x720,1263x595,,Specific Consent sept21- pilot30,2,No,response-10-1,Yes
4,1632396870468,23/09/2021 11:34:30,1632396869808,1,23/09/2021 12:34:29,61434,1,questionnaire-292l,,15944712,60d43e59cced38b25b96be84,4716136,,complete,,614c661b440b5643b1d6a149,computer,Desktop or Laptop,Windows 10,Firefox 92.0,1280x720,1263x595,,Specific Consent sept21- pilot30,2,No,response-11-1,Yes
5,1632396870468,23/09/2021 11:34:30,1632396869808,1,23/09/2021 12:34:29,61434,1,questionnaire-292l,,15944712,60d43e59cced38b25b96be84,4716136,,complete,,614c661b440b5643b1d6a149,computer,Desktop or Laptop,Windows 10,Firefox 92.0,1280x720,1263x595,,Specific Consent sept21- pilot30,2,No,response-12-1,Yes
6,1632396870468,23/09/2021 11:34:30,1632396869808,1,23/09/2021 12:34:29,61434,1,questionnaire-292l,,15944712,60d43e59cced38b25b96be84,4716136,,complete,,614c661b440b5643b1d6a149,computer,Desktop or Laptop,Windows 10,Firefox 92.0,1280x720,1263x595,,Specific Consent sept21- pilot30,2,No,response-5-1,Yes
7,1632396870468,23/09/2021 11:34:30,1632396869808,1,23/09/2021 12:34:29,61434,1,questionnaire-292l,,15944712,60d43e59cced38b25b96be84,4716136,,complete,,614c661b440b5643b1d6a149,computer,Desktop or Laptop,Windows 10,Firefox 92.0,1280x720,1263x595,,Specific Consent sept21- pilot30,2,No,response-7-1,Yes
8,1632396870468,23/09/2021 11:34:30,1632396869808,1,23/09/2021 12:34:29,61434,1,questionnaire-292l,,15944712,60d43e59cced38b25b96be84,4716136,,complete,,614c661b440b5643b1d6a149,computer,Desktop or Laptop,Windows 10,Firefox 92.0,1280x720,1263x595,,Specific Consent sept21- pilot30,2,No,response-14,1
9,1632396870468,23/09/2021 11:34:30,1632396869808,1,23/09/2021 12:34:29,61434,1,questionnaire-292l,,15944712,60d43e59cced38b25b96be84,4716136,,complete,,614c661b440b5643b1d6a149,computer,Desktop or Laptop,Windows 10,Firefox 92.0,1280x720,1263x595,,Specific Consent sept21- pilot30,2,No,END QUESTIONNAIRE,13948
1,1633473027929,05/10/2021 22:30:27,1633473027671,1,05/10/2021 23:30:27,61434,1,questionnaire-292l,,16202426,6057790fd7f0a41242080c99,4793411,,complete,,615cd1c4efdbcfcaa8ad512c,computer,Desktop or Laptop,Windows 10,Chrome 94.0.4606.71,1366x768,1366x657,,Specific Consent sept21- pilot30,2,No,BEGIN QUESTIONNAIRE,
2,1633473052206,05/10/2021 22:30:52,1633473052004,1,05/10/2021 23:30:52,61434,1,questionnaire-292l,,16202426,6057790fd7f0a41242080c99,4793411,,complete,,615cd1c4efdbcfcaa8ad512c,computer,Desktop or Laptop,Windows 10,Chrome 94.0.4606.71,1366x768,1349x657,,Specific Consent sept21- pilot30,2,No,response-9-1,Yes
3,1633473052302,05/10/2021 22:30:52,1633473052008,1,05/10/2021 23:30:52,61434,1,questionnaire-292l,,16202426,6057790fd7f0a41242080c99,4793411,,complete,,615cd1c4efdbcfcaa8ad512c,computer,Desktop or Laptop,Windows 10,Chrome 94.0.4606.71,1366x768,1349x657,,Specific Consent sept21- pilot30,2,No,response-10-2,No
4,1633473052302,05/10/2021 22:30:52,1633473052008,1,05/10/2021 23:30:52,61434,1,questionnaire-292l,,16202426,6057790fd7f0a41242080c99,4793411,,complete,,615cd1c4efdbcfcaa8ad512c,computer,Desktop or Laptop,Windows 10,Chrome 94.0.4606.71,1366x768,1349x657,,Specific Consent sept21- pilot30,2,No,response-11-2,No
5,1633473052302,05/10/2021 22:30:52,1633473052009,1,05/10/2021 23:30:52,61434,1,questionnaire-292l,,16202426,6057790fd7f0a41242080c99,4793411,,complete,,615cd1c4efdbcfcaa8ad512c,computer,Desktop or Laptop,Windows 10,Chrome 94.0.4606.71,1366x768,1349x657,,Specific Consent sept21- pilot30,2,No,response-12-1,Yes
6,1633473052302,05/10/2021 22:30:52,1633473052010,1,05/10/2021 23:30:52,61434,1,questionnaire-292l,,16202426,6057790fd7f0a41242080c99,4793411,,complete,,615cd1c4efdbcfcaa8ad512c,computer,Desktop or Laptop,Windows 10,Chrome 94.0.4606.71,1366x768,1349x657,,Specific Consent sept21- pilot30,2,No,response-5-1,Yes
7,1633473052302,05/10/2021 22:30:52,1633473052011,1,05/10/2021 23:30:52,61434,1,questionnaire-292l,,16202426,6057790fd7f0a41242080c99,4793411,,complete,,615cd1c4efdbcfcaa8ad512c,computer,Desktop or Laptop,Windows 10,Chrome 94.0.4606.71,1366x768,1349x657,,Specific Consent sept21- pilot30,2,No,response-7-1,Yes
8,1633473052302,05/10/2021 22:30:52,1633473052012,1,05/10/2021 23:30:52,61434,1,questionnaire-292l,,16202426,6057790fd7f0a41242080c99,4793411,,complete,,615cd1c4efdbcfcaa8ad512c,computer,Desktop or Laptop,Windows 10,Chrome 94.0.4606.71,1366x768,1349x657,,Specific Consent sept21- pilot30,2,No,response-14,1
9,1633473052302,05/10/2021 22:30:52,1633473052013,1,05/10/2021 23:30:52,61434,1,questionnaire-292l,,16202426,6057790fd7f0a41242080c99,4793411,,complete,,615cd1c4efdbcfcaa8ad512c,computer,Desktop or Laptop,Windows 10,Chrome 94.0.4606.71,1366x768,1349x657,,Specific Consent sept21- pilot30,2,No,END QUESTIONNAIRE,24343
1,1634116916644,13/10/2021 09:21:56,1634116915579,1,13/10/2021 10:21:55,61434,1,questionnaire-292l,,16345281,5d351eb3ca8f5b0001834ca0,4838496,,complete,,6166a528c1f2acf94c3f1fc3,computer,Desktop or Laptop,Windows 10,Chrome 94.0.4606.81,1536x864,1536x721,,Specific Consent sept21- pilot30,2,No,BEGIN QUESTIONNAIRE,
2,1634116930934,13/10/2021 09:22:10,1634116929864,1,13/10/2021 10:22:09,61434,1,questionnaire-292l,,16345281,5d351eb3ca8f5b0001834ca0,4838496,,complete,,6166a528c1f2acf94c3f1fc3,computer,Desktop or Laptop,Windows 10,Chrome 94.0.4606.81,1536x864,1519x721,,Specific Consent sept21- pilot30,2,No,response-9-1,Yes
3,1634116930987,13/10/2021 09:22:10,1634116929865,1,13/10/2021 10:22:09,61434,1,questionnaire-292l,,16345281,5d351eb3ca8f5b0001834ca0,4838496,,complete,,6166a528c1f2acf94c3f1fc3,computer,Desktop or Laptop,Windows 10,Chrome 94.0.4606.81,1536x864,1519x721,,Specific Consent sept21- pilot30,2,No,response-10-1,Yes
4,1634116930987,13/10/2021 09:22:10,1634116929865,1,13/10/2021 10:22:09,61434,1,questionnaire-292l,,16345281,5d351eb3ca8f5b0001834ca0,4838496,,complete,,6166a528c1f2acf94c3f1fc3,computer,Desktop or Laptop,Windows 10,Chrome 94.0.4606.81,1536x864,1519x721,,Specific Consent sept21- pilot30,2,No,response-11-1,Yes
5,1634116930987,13/10/2021 09:22:10,1634116929865,1,13/10/2021 10:22:09,61434,1,questionnaire-292l,,16345281,5d351eb3ca8f5b0001834ca0,4838496,,complete,,6166a528c1f2acf94c3f1fc3,computer,Desktop or Laptop,Windows 10,Chrome 94.0.4606.81,1536x864,1519x721,,Specific Consent sept21- pilot30,2,No,response-12-1,Yes
6,1634116930987,13/10/2021 09:22:10,1634116929865,1,13/10/2021 10:22:09,61434,1,questionnaire-292l,,16345281,5d351eb3ca8f5b0001834ca0,4838496,,complete,,6166a528c1f2acf94c3f1fc3,computer,Desktop or Laptop,Windows 10,Chrome 94.0.4606.81,1536x864,1519x721,,Specific Consent sept21- pilot30,2,No,response-5-1,Yes
7,1634116930987,13/10/2021 09:22:10,1634116929865,1,13/10/2021 10:22:09,61434,1,questionnaire-292l,,16345281,5d351eb3ca8f5b0001834ca0,4838496,,complete,,6166a528c1f2acf94c3f1fc3,computer,Desktop or Laptop,Windows 10,Chrome 94.0.4606.81,1536x864,1519x721,,Specific Consent sept21- pilot30,2,No,response-7-1,Yes
8,1634116930987,13/10/2021 09:22:10,1634116929866,1,13/10/2021 10:22:09,61434,1,questionnaire-292l,,16345281,5d351eb3ca8f5b0001834ca0,4838496,,complete,,6166a528c1f2acf94c3f1fc3,computer,Desktop or Laptop,Windows 10,Chrome 94.0.4606.81,1536x864,1519x721,,Specific Consent sept21- pilot30,2,No,response-14,1
9,1634116930987,13/10/2021 09:22:10,1634116929866,1,13/10/2021 10:22:09,61434,1,questionnaire-292l,,16345281,5d351eb3ca8f5b0001834ca0,4838496,,complete,,6166a528c1f2acf94c3f1fc3,computer,Desktop or Laptop,Windows 10,Chrome 94.0.4606.81,1536x864,1519x721,,Specific Consent sept21- pilot30,2,No,END QUESTIONNAIRE,14287
1,1634586415300,18/10/2021 19:46:55,1634586414465,1,18/10/2021 20:46:54,61434,1,questionnaire-292l,,16473434,60244fcbf9b0e1129517c0a0,4873026,,complete,,616dcf1dda750d9a3b437c85,computer,Desktop or Laptop,Windows 10,Chrome 94.0.4606.81,1366x768,1366x657,,Specific Consent sept21- pilot30,2,No,BEGIN QUESTIONNAIRE,
2,1634586481139,18/10/2021 19:48:01,1634586480361,1,18/10/2021 20:48:00,61434,1,questionnaire-292l,,16473434,60244fcbf9b0e1129517c0a0,4873026,,complete,,616dcf1dda750d9a3b437c85,computer,Desktop or Laptop,Windows 10,Chrome 94.0.4606.81,1366x768,1349x657,,Specific Consent sept21- pilot30,2,No,response-9-1,Yes
3,1634586481264,18/10/2021 19:48:01,1634586480365,1,18/10/2021 20:48:00,61434,1,questionnaire-292l,,16473434,60244fcbf9b0e1129517c0a0,4873026,,complete,,616dcf1dda750d9a3b437c85,computer,Desktop or Laptop,Windows 10,Chrome 94.0.4606.81,1366x768,1349x657,,Specific Consent sept21- pilot30,2,No,response-10-1,Yes
4,1634586481264,18/10/2021 19:48:01,1634586480366,1,18/10/2021 20:48:00,61434,1,questionnaire-292l,,16473434,60244fcbf9b0e1129517c0a0,4873026,,complete,,616dcf1dda750d9a3b437c85,computer,Desktop or Laptop,Windows 10,Chrome 94.0.4606.81,1366x768,1349x657,,Specific Consent sept21- pilot30,2,No,response-11-1,Yes
5,1634586481264,18/10/2021 19:48:01,1634586480366,1,18/10/2021 20:48:00,61434,1,questionnaire-292l,,16473434,60244fcbf9b0e1129517c0a0,4873026,,complete,,616dcf1dda750d9a3b437c85,computer,Desktop or Laptop,Windows 10,Chrome 94.0.4606.81,1366x768,1349x657,,Specific Consent sept21- pilot30,2,No,response-12-1,Yes
6,1634586481264,18/10/2021 19:48:01,1634586480367,1,18/10/2021 20:48:00,61434,1,questionnaire-292l,,16473434,60244fcbf9b0e1129517c0a0,4873026,,complete,,616dcf1dda750d9a3b437c85,computer,Desktop or Laptop,Windows 10,Chrome 94.0.4606.81,1366x768,1349x657,,Specific Consent sept21- pilot30,2,No,response-5-1,Yes
7,1634586481264,18/10/2021 19:48:01,1634586480367,1,18/10/2021 20:48:00,61434,1,questionnaire-292l,,16473434,60244fcbf9b0e1129517c0a0,4873026,,complete,,616dcf1dda750d9a3b437c85,computer,Desktop or Laptop,Windows 10,Chrome 94.0.4606.81,1366x768,1349x657,,Specific Consent sept21- pilot30,2,No,response-7-1,Yes
8,1634586481264,18/10/2021 19:48:01,1634586480367,1,18/10/2021 20:48:00,61434,1,questionnaire-292l,,16473434,60244fcbf9b0e1129517c0a0,4873026,,complete,,616dcf1dda750d9a3b437c85,computer,Desktop or Laptop,Windows 10,Chrome 94.0.4606.81,1366x768,1349x657,,Specific Consent sept21- pilot30,2,No,response-14,1
9,1634586481264,18/10/2021 19:48:01,1634586480367,1,18/10/2021 20:48:00,61434,1,questionnaire-292l,,16473434,60244fcbf9b0e1129517c0a0,4873026,,complete,,616dcf1dda750d9a3b437c85,computer,Desktop or Laptop,Windows 10,Chrome 94.0.4606.81,1366x768,1349x657,,Specific Consent sept21- pilot30,2,No,END QUESTIONNAIRE,65902
1,1631879169960,17/09/2021 11:46:09,1631879169660,1,17/09/2021 12:46:09,61434,1,questionnaire-292l,,15819738,60f1669a6563dc71aaa5990b,4683063,,complete,,61447fc4c70fe0b921812953,computer,Desktop or Laptop,Windows 10,Chrome 93.0.4577.82,1920x1080,1920x937,,Specific Consent sept21- pilot30,2,No,BEGIN QUESTIONNAIRE,
2,1631879180306,17/09/2021 11:46:20,1631879180033,1,17/09/2021 12:46:20,61434,1,questionnaire-292l,,15819738,60f1669a6563dc71aaa5990b,4683063,,complete,,61447fc4c70fe0b921812953,computer,Desktop or Laptop,Windows 10,Chrome 93.0.4577.82,1920x1080,1903x937,,Specific Consent sept21- pilot30,2,No,response-9-1,Yes
3,1631879180351,17/09/2021 11:46:20,1631879180034,1,17/09/2021 12:46:20,61434,1,questionnaire-292l,,15819738,60f1669a6563dc71aaa5990b,4683063,,complete,,61447fc4c70fe0b921812953,computer,Desktop or Laptop,Windows 10,Chrome 93.0.4577.82,1920x1080,1903x937,,Specific Consent sept21- pilot30,2,No,response-10-1,Yes
4,1631879180351,17/09/2021 11:46:20,1631879180034,1,17/09/2021 12:46:20,61434,1,questionnaire-292l,,15819738,60f1669a6563dc71aaa5990b,4683063,,complete,,61447fc4c70fe0b921812953,computer,Desktop or Laptop,Windows 10,Chrome 93.0.4577.82,1920x1080,1903x937,,Specific Consent sept21- pilot30,2,No,response-11-1,Yes
5,1631879180351,17/09/2021 11:46:20,1631879180034,1,17/09/2021 12:46:20,61434,1,questionnaire-292l,,15819738,60f1669a6563dc71aaa5990b,4683063,,complete,,61447fc4c70fe0b921812953,computer,Desktop or Laptop,Windows 10,Chrome 93.0.4577.82,1920x1080,1903x937,,Specific Consent sept21- pilot30,2,No,response-12-1,Yes
6,1631879180351,17/09/2021 11:46:20,1631879180034,1,17/09/2021 12:46:20,61434,1,questionnaire-292l,,15819738,60f1669a6563dc71aaa5990b,4683063,,complete,,61447fc4c70fe0b921812953,computer,Desktop or Laptop,Windows 10,Chrome 93.0.4577.82,1920x1080,1903x937,,Specific Consent sept21- pilot30,2,No,response-5-1,Yes
7,1631879180351,17/09/2021 11:46:20,1631879180034,1,17/09/2021 12:46:20,61434,1,questionnaire-292l,,15819738,60f1669a6563dc71aaa5990b,4683063,,complete,,61447fc4c70fe0b921812953,computer,Desktop or Laptop,Windows 10,Chrome 93.0.4577.82,1920x1080,1903x937,,Specific Consent sept21- pilot30,2,No,response-7-1,Yes
8,1631879180351,17/09/2021 11:46:20,1631879180034,1,17/09/2021 12:46:20,61434,1,questionnaire-292l,,15819738,60f1669a6563dc71aaa5990b,4683063,,complete,,61447fc4c70fe0b921812953,computer,Desktop or Laptop,Windows 10,Chrome 93.0.4577.82,1920x1080,1903x937,,Specific Consent sept21- pilot30,2,No,response-14,1
9,1631879180351,17/09/2021 11:46:20,1631879180035,1,17/09/2021 12:46:20,61434,1,questionnaire-292l,,15819738,60f1669a6563dc71aaa5990b,4683063,,complete,,61447fc4c70fe0b921812953,computer,Desktop or Laptop,Windows 10,Chrome 93.0.4577.82,1920x1080,1903x937,,Specific Consent sept21- pilot30,2,No,END QUESTIONNAIRE,10375
1,1631843950506,17/09/2021 01:59:10,1631843950746,10,17/09/2021 11:59:10,61434,1,questionnaire-292l,,15815281,60efa8a45372a44a1659dc3a,4681397,,complete,,6143f652b8f4a5988f511b72,computer,Desktop or Laptop,Windows 10,Chrome 93.0.4577.82,1920x1080,1920x937,,Specific Consent sept21- pilot30,2,No,BEGIN QUESTIONNAIRE,
2,1631843965660,17/09/2021 01:59:25,1631843965942,10,17/09/2021 11:59:25,61434,1,questionnaire-292l,,15815281,60efa8a45372a44a1659dc3a,4681397,,complete,,6143f652b8f4a5988f511b72,computer,Desktop or Laptop,Windows 10,Chrome 93.0.4577.82,1920x1080,1903x937,,Specific Consent sept21- pilot30,2,No,response-9-1,Yes
3,1631843965982,17/09/2021 01:59:25,1631843965946,10,17/09/2021 11:59:25,61434,1,questionnaire-292l,,15815281,60efa8a45372a44a1659dc3a,4681397,,complete,,6143f652b8f4a5988f511b72,computer,Desktop or Laptop,Windows 10,Chrome 93.0.4577.82,1920x1080,1903x937,,Specific Consent sept21- pilot30,2,No,response-10-1,Yes
4,1631843965982,17/09/2021 01:59:25,1631843965946,10,17/09/2021 11:59:25,61434,1,questionnaire-292l,,15815281,60efa8a45372a44a1659dc3a,4681397,,complete,,6143f652b8f4a5988f511b72,computer,Desktop or Laptop,Windows 10,Chrome 93.0.4577.82,1920x1080,1903x937,,Specific Consent sept21- pilot30,2,No,response-11-1,Yes
5,1631843965982,17/09/2021 01:59:25,1631843965946,10,17/09/2021 11:59:25,61434,1,questionnaire-292l,,15815281,60efa8a45372a44a1659dc3a,4681397,,complete,,6143f652b8f4a5988f511b72,computer,Desktop or Laptop,Windows 10,Chrome 93.0.4577.82,1920x1080,1903x937,,Specific Consent sept21- pilot30,2,No,response-12-1,Yes
6,1631843965982,17/09/2021 01:59:25,1631843965947,10,17/09/2021 11:59:25,61434,1,questionnaire-292l,,15815281,60efa8a45372a44a1659dc3a,4681397,,complete,,6143f652b8f4a5988f511b72,computer,Desktop or Laptop,Windows 10,Chrome 93.0.4577.82,1920x1080,1903x937,,Specific Consent sept21- pilot30,2,No,response-5-1,Yes
7,1631843965982,17/09/2021 01:59:25,1631843965947,10,17/09/2021 11:59:25,61434,1,questionnaire-292l,,15815281,60efa8a45372a44a1659dc3a,4681397,,complete,,6143f652b8f4a5988f511b72,computer,Desktop or Laptop,Windows 10,Chrome 93.0.4577.82,1920x1080,1903x937,,Specific Consent sept21- pilot30,2,No,response-7-1,Yes
8,1631843965982,17/09/2021 01:59:25,1631843965948,10,17/09/2021 11:59:25,61434,1,questionnaire-292l,,15815281,60efa8a45372a44a1659dc3a,4681397,,complete,,6143f652b8f4a5988f511b72,computer,Desktop or Laptop,Windows 10,Chrome 93.0.4577.82,1920x1080,1903x937,,Specific Consent sept21- pilot30,2,No,response-14,1
9,1631843965982,17/09/2021 01:59:25,1631843965948,10,17/09/2021 11:59:25,61434,1,questionnaire-292l,,15815281,60efa8a45372a44a1659dc3a,4681397,,complete,,6143f652b8f4a5988f511b72,computer,Desktop or Laptop,Windows 10,Chrome 93.0.4577.82,1920x1080,1903x937,,Specific Consent sept21- pilot30,2,No,END QUESTIONNAIRE,15202
1,1631617586396,14/09/2021 11:06:26,1631617584517,1,14/09/2021 12:06:24,61434,1,questionnaire-292l,,15710523,57c95ec2c6c5ed00013fa343,4654028,,complete,,614081836a2f730ea3642906,computer,Desktop or Laptop,Windows 10,Chrome 93.0.4577.82,1600x900,1600x757,,Specific Consent sept21- pilot30,2,No,BEGIN QUESTIONNAIRE,
2,1631617646020,14/09/2021 11:07:26,1631617644209,1,14/09/2021 12:07:24,61434,1,questionnaire-292l,,15710523,57c95ec2c6c5ed00013fa343,4654028,,complete,,614081836a2f730ea3642906,computer,Desktop or Laptop,Windows 10,Chrome 93.0.4577.82,1600x900,1583x757,,Specific Consent sept21- pilot30,2,No,response-9-1,Yes
3,1631617646099,14/09/2021 11:07:26,1631617644210,1,14/09/2021 12:07:24,61434,1,questionnaire-292l,,15710523,57c95ec2c6c5ed00013fa343,4654028,,complete,,614081836a2f730ea3642906,computer,Desktop or Laptop,Windows 10,Chrome 93.0.4577.82,1600x900,1583x757,,Specific Consent sept21- pilot30,2,No,response-10-1,Yes
4,1631617646099,14/09/2021 11:07:26,1631617644210,1,14/09/2021 12:07:24,61434,1,questionnaire-292l,,15710523,57c95ec2c6c5ed00013fa343,4654028,,complete,,614081836a2f730ea3642906,computer,Desktop or Laptop,Windows 10,Chrome 93.0.4577.82,1600x900,1583x757,,Specific Consent sept21- pilot30,2,No,response-11-1,Yes
5,1631617646099,14/09/2021 11:07:26,1631617644210,1,14/09/2021 12:07:24,61434,1,questionnaire-292l,,15710523,57c95ec2c6c5ed00013fa343,4654028,,complete,,614081836a2f730ea3642906,computer,Desktop or Laptop,Windows 10,Chrome 93.0.4577.82,1600x900,1583x757,,Specific Consent sept21- pilot30,2,No,response-12-1,Yes
6,1631617646099,14/09/2021 11:07:26,1631617644210,1,14/09/2021 12:07:24,61434,1,questionnaire-292l,,15710523,57c95ec2c6c5ed00013fa343,4654028,,complete,,614081836a2f730ea3642906,computer,Desktop or Laptop,Windows 10,Chrome 93.0.4577.82,1600x900,1583x757,,Specific Consent sept21- pilot30,2,No,response-5-1,Yes
7,1631617646099,14/09/2021 11:07:26,1631617644210,1,14/09/2021 12:07:24,61434,1,questionnaire-292l,,15710523,57c95ec2c6c5ed00013fa343,4654028,,complete,,614081836a2f730ea3642906,computer,Desktop or Laptop,Windows 10,Chrome 93.0.4577.82,1600x900,1583x757,,Specific Consent sept21- pilot30,2,No,response-7-1,Yes
8,1631617646099,14/09/2021 11:07:26,1631617644210,1,14/09/2021 12:07:24,61434,1,questionnaire-292l,,15710523,57c95ec2c6c5ed00013fa343,4654028,,complete,,614081836a2f730ea3642906,computer,Desktop or Laptop,Windows 10,Chrome 93.0.4577.82,1600x900,1583x757,,Specific Consent sept21- pilot30,2,No,response-14,1
9,1631617646099,14/09/2021 11:07:26,1631617644211,1,14/09/2021 12:07:24,61434,1,questionnaire-292l,,15710523,57c95ec2c6c5ed00013fa343,4654028,,complete,,614081836a2f730ea3642906,computer,Desktop or Laptop,Windows 10,Chrome 93.0.4577.82,1600x900,1583x757,,Specific Consent sept21- pilot30,2,No,END QUESTIONNAIRE,59694
1,1631589696089,14/09/2021 03:21:36,1631589694182,-4,13/09/2021 23:21:34,61434,1,questionnaire-292l,,15701176,5fd841c5c0a46117f2d392d8,4651916,,complete,,614013dbb6c6b21918639dc5,computer,Desktop or Laptop,Windows 7,Chrome 93.0.4577.63,1366x768,1366x625,,Specific Consent sept21- pilot30,2,No,BEGIN QUESTIONNAIRE,
2,1631589755969,14/09/2021 03:22:35,1631589753747,-4,13/09/2021 23:22:33,61434,1,questionnaire-292l,,15701176,5fd841c5c0a46117f2d392d8,4651916,,complete,,614013dbb6c6b21918639dc5,computer,Desktop or Laptop,Windows 7,Chrome 93.0.4577.63,1366x768,1350x625,,Specific Consent sept21- pilot30,2,No,response-9-1,Yes
3,1631589756203,14/09/2021 03:22:36,1631589753750,-4,13/09/2021 23:22:33,61434,1,questionnaire-292l,,15701176,5fd841c5c0a46117f2d392d8,4651916,,complete,,614013dbb6c6b21918639dc5,computer,Desktop or Laptop,Windows 7,Chrome 93.0.4577.63,1366x768,1350x625,,Specific Consent sept21- pilot30,2,No,response-10-1,Yes
4,1631589756203,14/09/2021 03:22:36,1631589753750,-4,13/09/2021 23:22:33,61434,1,questionnaire-292l,,15701176,5fd841c5c0a46117f2d392d8,4651916,,complete,,614013dbb6c6b21918639dc5,computer,Desktop or Laptop,Windows 7,Chrome 93.0.4577.63,1366x768,1350x625,,Specific Consent sept21- pilot30,2,No,response-11-1,Yes
5,1631589756203,14/09/2021 03:22:36,1631589753750,-4,13/09/2021 23:22:33,61434,1,questionnaire-292l,,15701176,5fd841c5c0a46117f2d392d8,4651916,,complete,,614013dbb6c6b21918639dc5,computer,Desktop or Laptop,Windows 7,Chrome 93.0.4577.63,1366x768,1350x625,,Specific Consent sept21- pilot30,2,No,response-12-1,Yes
6,1631589756203,14/09/2021 03:22:36,1631589753751,-4,13/09/2021 23:22:33,61434,1,questionnaire-292l,,15701176,5fd841c5c0a46117f2d392d8,4651916,,complete,,614013dbb6c6b21918639dc5,computer,Desktop or Laptop,Windows 7,Chrome 93.0.4577.63,1366x768,1350x625,,Specific Consent sept21- pilot30,2,No,response-5-1,Yes
7,1631589756203,14/09/2021 03:22:36,1631589753751,-4,13/09/2021 23:22:33,61434,1,questionnaire-292l,,15701176,5fd841c5c0a46117f2d392d8,4651916,,complete,,614013dbb6c6b21918639dc5,computer,Desktop or Laptop,Windows 7,Chrome 93.0.4577.63,1366x768,1350x625,,Specific Consent sept21- pilot30,2,No,response-7-1,Yes
8,1631589756203,14/09/2021 03:22:36,1631589753751,-4,13/09/2021 23:22:33,61434,1,questionnaire-292l,,15701176,5fd841c5c0a46117f2d392d8,4651916,,complete,,614013dbb6c6b21918639dc5,computer,Desktop or Laptop,Windows 7,Chrome 93.0.4577.63,1366x768,1350x625,,Specific Consent sept21- pilot30,2,No,response-14,1
9,1631589756203,14/09/2021 03:22:36,1631589753752,-4,13/09/2021 23:22:33,61434,1,questionnaire-292l,,15701176,5fd841c5c0a46117f2d392d8,4651916,,complete,,614013dbb6c6b21918639dc5,computer,Desktop or Laptop,Windows 7,Chrome 93.0.4577.63,1366x768,1350x625,,Specific Consent sept21- pilot30,2,No,END QUESTIONNAIRE,59570
1,1631547505411,13/09/2021 15:38:25,1631547505301,1,13/09/2021 16:38:25,61434,1,questionnaire-292l,,15684274,60f2b4eecec1ef59ec51a633,4648594,,complete,,613f7059a8c683f7528dd6fc,computer,Desktop or Laptop,Mac OS 10.15.7,Safari 14.1.2,1440x900,1440x820,,Specific Consent sept21- pilot30,2,No,BEGIN QUESTIONNAIRE,
2,1631547525465,13/09/2021 15:38:45,1631547525395,1,13/09/2021 16:38:45,61434,1,questionnaire-292l,,15684274,60f2b4eecec1ef59ec51a633,4648594,,complete,,613f7059a8c683f7528dd6fc,computer,Desktop or Laptop,Mac OS 10.15.7,Safari 14.1.2,1440x900,1440x820,,Specific Consent sept21- pilot30,2,No,response-9-1,Yes
3,1631547525653,13/09/2021 15:38:45,1631547525397,1,13/09/2021 16:38:45,61434,1,questionnaire-292l,,15684274,60f2b4eecec1ef59ec51a633,4648594,,complete,,613f7059a8c683f7528dd6fc,computer,Desktop or Laptop,Mac OS 10.15.7,Safari 14.1.2,1440x900,1440x820,,Specific Consent sept21- pilot30,2,No,response-10-1,Yes
4,1631547525653,13/09/2021 15:38:45,1631547525397,1,13/09/2021 16:38:45,61434,1,questionnaire-292l,,15684274,60f2b4eecec1ef59ec51a633,4648594,,complete,,613f7059a8c683f7528dd6fc,computer,Desktop or Laptop,Mac OS 10.15.7,Safari 14.1.2,1440x900,1440x820,,Specific Consent sept21- pilot30,2,No,response-11-1,Yes
5,1631547525653,13/09/2021 15:38:45,1631547525397,1,13/09/2021 16:38:45,61434,1,questionnaire-292l,,15684274,60f2b4eecec1ef59ec51a633,4648594,,complete,,613f7059a8c683f7528dd6fc,computer,Desktop or Laptop,Mac OS 10.15.7,Safari 14.1.2,1440x900,1440x820,,Specific Consent sept21- pilot30,2,No,response-12-1,Yes
6,1631547525653,13/09/2021 15:38:45,1631547525397,1,13/09/2021 16:38:45,61434,1,questionnaire-292l,,15684274,60f2b4eecec1ef59ec51a633,4648594,,complete,,613f7059a8c683f7528dd6fc,computer,Desktop or Laptop,Mac OS 10.15.7,Safari 14.1.2,1440x900,1440x820,,Specific Consent sept21- pilot30,2,No,response-5-1,Yes
7,1631547525653,13/09/2021 15:38:45,1631547525397,1,13/09/2021 16:38:45,61434,1,questionnaire-292l,,15684274,60f2b4eecec1ef59ec51a633,4648594,,complete,,613f7059a8c683f7528dd6fc,computer,Desktop or Laptop,Mac OS 10.15.7,Safari 14.1.2,1440x900,1440x820,,Specific Consent sept21- pilot30,2,No,response-7-1,Yes
8,1631547525653,13/09/2021 15:38:45,1631547525398,1,13/09/2021 16:38:45,61434,1,questionnaire-292l,,15684274,60f2b4eecec1ef59ec51a633,4648594,,complete,,613f7059a8c683f7528dd6fc,computer,Desktop or Laptop,Mac OS 10.15.7,Safari 14.1.2,1440x900,1440x820,,Specific Consent sept21- pilot30,2,No,response-14,1
9,1631547525653,13/09/2021 15:38:45,1631547525398,1,13/09/2021 16:38:45,61434,1,questionnaire-292l,,15684274,60f2b4eecec1ef59ec51a633,4648594,,complete,,613f7059a8c683f7528dd6fc,computer,Desktop or Laptop,Mac OS 10.15.7,Safari 14.1.2,1440x900,1440x820,,Specific Consent sept21- pilot30,2,No,END QUESTIONNAIRE,20097
1,1631539953502,13/09/2021 13:32:33,1631539954069,10,13/09/2021 23:32:34,61434,1,questionnaire-292l,,15679720,60f6135cea85bf9f3e78dc60,4647013,,complete,,613f52abc30b94a7bd228dd4,computer,Desktop or Laptop,Windows 10,Chrome 93.0.4577.63,1280x720,1280x609,,Specific Consent sept21- pilot30,2,No,BEGIN QUESTIONNAIRE,
2,1631539987096,13/09/2021 13:33:07,1631539987704,10,13/09/2021 23:33:07,61434,1,questionnaire-292l,,15679720,60f6135cea85bf9f3e78dc60,4647013,,complete,,613f52abc30b94a7bd228dd4,computer,Desktop or Laptop,Windows 10,Chrome 93.0.4577.63,1280x720,1263x609,,Specific Consent sept21- pilot30,2,No,response-9-1,Yes
3,1631539987424,13/09/2021 13:33:07,1631539987707,10,13/09/2021 23:33:07,61434,1,questionnaire-292l,,15679720,60f6135cea85bf9f3e78dc60,4647013,,complete,,613f52abc30b94a7bd228dd4,computer,Desktop or Laptop,Windows 10,Chrome 93.0.4577.63,1280x720,1263x609,,Specific Consent sept21- pilot30,2,No,response-10-1,Yes
4,1631539987424,13/09/2021 13:33:07,1631539987707,10,13/09/2021 23:33:07,61434,1,questionnaire-292l,,15679720,60f6135cea85bf9f3e78dc60,4647013,,complete,,613f52abc30b94a7bd228dd4,computer,Desktop or Laptop,Windows 10,Chrome 93.0.4577.63,1280x720,1263x609,,Specific Consent sept21- pilot30,2,No,response-11-1,Yes
5,1631539987424,13/09/2021 13:33:07,1631539987708,10,13/09/2021 23:33:07,61434,1,questionnaire-292l,,15679720,60f6135cea85bf9f3e78dc60,4647013,,complete,,613f52abc30b94a7bd228dd4,computer,Desktop or Laptop,Windows 10,Chrome 93.0.4577.63,1280x720,1263x609,,Specific Consent sept21- pilot30,2,No,response-12-1,Yes
6,1631539987424,13/09/2021 13:33:07,1631539987708,10,13/09/2021 23:33:07,61434,1,questionnaire-292l,,15679720,60f6135cea85bf9f3e78dc60,4647013,,complete,,613f52abc30b94a7bd228dd4,computer,Desktop or Laptop,Windows 10,Chrome 93.0.4577.63,1280x720,1263x609,,Specific Consent sept21- pilot30,2,No,response-5-1,Yes
7,1631539987424,13/09/2021 13:33:07,1631539987708,10,13/09/2021 23:33:07,61434,1,questionnaire-292l,,15679720,60f6135cea85bf9f3e78dc60,4647013,,complete,,613f52abc30b94a7bd228dd4,computer,Desktop or Laptop,Windows 10,Chrome 93.0.4577.63,1280x720,1263x609,,Specific Consent sept21- pilot30,2,No,response-7-1,Yes
8,1631539987424,13/09/2021 13:33:07,1631539987708,10,13/09/2021 23:33:07,61434,1,questionnaire-292l,,15679720,60f6135cea85bf9f3e78dc60,4647013,,complete,,613f52abc30b94a7bd228dd4,computer,Desktop or Laptop,Windows 10,Chrome 93.0.4577.63,1280x720,1263x609,,Specific Consent sept21- pilot30,2,No,response-14,1
9,1631539987424,13/09/2021 13:33:07,1631539987708,10,13/09/2021 23:33:07,61434,1,questionnaire-292l,,15679720,60f6135cea85bf9f3e78dc60,4647013,,complete,,613f52abc30b94a7bd228dd4,computer,Desktop or Laptop,Windows 10,Chrome 93.0.4577.63,1280x720,1263x609,,Specific Consent sept21- pilot30,2,No,END QUESTIONNAIRE,33639
1,1631535114022,13/09/2021 12:11:54,1631535109503,1,13/09/2021 13:11:49,61434,1,questionnaire-292l,,15676455,60de11d08bb67fc2a1e19c6a,4646316,,complete,,613f3fd63362dad7834fb0c3,computer,Desktop or Laptop,Windows 10,Chrome 93.0.4577.63,1536x864,1536x754,,Specific Consent sept21- pilot30,2,No,BEGIN QUESTIONNAIRE,
2,1631535169874,13/09/2021 12:12:49,1631535165358,1,13/09/2021 13:12:45,61434,1,questionnaire-292l,,15676455,60de11d08bb67fc2a1e19c6a,4646316,,complete,,613f3fd63362dad7834fb0c3,computer,Desktop or Laptop,Windows 10,Chrome 93.0.4577.63,1536x864,1519x754,,Specific Consent sept21- pilot30,2,No,response-9-1,Yes
3,1631535169952,13/09/2021 12:12:49,1631535165360,1,13/09/2021 13:12:45,61434,1,questionnaire-292l,,15676455,60de11d08bb67fc2a1e19c6a,4646316,,complete,,613f3fd63362dad7834fb0c3,computer,Desktop or Laptop,Windows 10,Chrome 93.0.4577.63,1536x864,1519x754,,Specific Consent sept21- pilot30,2,No,response-10-1,Yes
4,1631535169952,13/09/2021 12:12:49,1631535165360,1,13/09/2021 13:12:45,61434,1,questionnaire-292l,,15676455,60de11d08bb67fc2a1e19c6a,4646316,,complete,,613f3fd63362dad7834fb0c3,computer,Desktop or Laptop,Windows 10,Chrome 93.0.4577.63,1536x864,1519x754,,Specific Consent sept21- pilot30,2,No,response-11-1,Yes
5,1631535169952,13/09/2021 12:12:49,1631535165360,1,13/09/2021 13:12:45,61434,1,questionnaire-292l,,15676455,60de11d08bb67fc2a1e19c6a,4646316,,complete,,613f3fd63362dad7834fb0c3,computer,Desktop or Laptop,Windows 10,Chrome 93.0.4577.63,1536x864,1519x754,,Specific Consent sept21- pilot30,2,No,response-12-1,Yes
6,1631535169952,13/09/2021 12:12:49,1631535165360,1,13/09/2021 13:12:45,61434,1,questionnaire-292l,,15676455,60de11d08bb67fc2a1e19c6a,4646316,,complete,,613f3fd63362dad7834fb0c3,computer,Desktop or Laptop,Windows 10,Chrome 93.0.4577.63,1536x864,1519x754,,Specific Consent sept21- pilot30,2,No,response-5-1,Yes
7,1631535169952,13/09/2021 12:12:49,1631535165361,1,13/09/2021 13:12:45,61434,1,questionnaire-292l,,15676455,60de11d08bb67fc2a1e19c6a,4646316,,complete,,613f3fd63362dad7834fb0c3,computer,Desktop or Laptop,Windows 10,Chrome 93.0.4577.63,1536x864,1519x754,,Specific Consent sept21- pilot30,2,No,response-7-1,Yes
8,1631535169952,13/09/2021 12:12:49,1631535165362,1,13/09/2021 13:12:45,61434,1,questionnaire-292l,,15676455,60de11d08bb67fc2a1e19c6a,4646316,,complete,,613f3fd63362dad7834fb0c3,computer,Desktop or Laptop,Windows 10,Chrome 93.0.4577.63,1536x864,1519x754,,Specific Consent sept21- pilot30,2,No,response-14,1
9,1631535169952,13/09/2021 12:12:49,1631535165363,1,13/09/2021 13:12:45,61434,1,questionnaire-292l,,15676455,60de11d08bb67fc2a1e19c6a,4646316,,complete,,613f3fd63362dad7834fb0c3,computer,Desktop or Laptop,Windows 10,Chrome 93.0.4577.63,1536x864,1519x754,,Specific Consent sept21- pilot30,2,No,END QUESTIONNAIRE,55860
1,1631534838840,13/09/2021 12:07:18,1631534837323,1,13/09/2021 13:07:17,61434,1,questionnaire-292l,,15676189,60c787584a64aa3bc3d53c8a,4646270,,complete,,613f3da8b1bd9bfe467ea7b8,computer,Desktop or Laptop,Windows 10,Chrome 93.0.4577.63,1366x768,1366x625,,Specific Consent sept21- pilot30,2,No,BEGIN QUESTIONNAIRE,
2,1631534886036,13/09/2021 12:08:06,1631534884563,1,13/09/2021 13:08:04,61434,1,questionnaire-292l,,15676189,60c787584a64aa3bc3d53c8a,4646270,,complete,,613f3da8b1bd9bfe467ea7b8,computer,Desktop or Laptop,Windows 10,Chrome 93.0.4577.63,1366x768,1349x625,,Specific Consent sept21- pilot30,2,No,response-9-1,Yes
3,1631534886128,13/09/2021 12:08:06,1631534884566,1,13/09/2021 13:08:04,61434,1,questionnaire-292l,,15676189,60c787584a64aa3bc3d53c8a,4646270,,complete,,613f3da8b1bd9bfe467ea7b8,computer,Desktop or Laptop,Windows 10,Chrome 93.0.4577.63,1366x768,1349x625,,Specific Consent sept21- pilot30,2,No,response-10-1,Yes
4,1631534886128,13/09/2021 12:08:06,1631534884566,1,13/09/2021 13:08:04,61434,1,questionnaire-292l,,15676189,60c787584a64aa3bc3d53c8a,4646270,,complete,,613f3da8b1bd9bfe467ea7b8,computer,Desktop or Laptop,Windows 10,Chrome 93.0.4577.63,1366x768,1349x625,,Specific Consent sept21- pilot30,2,No,response-11-1,Yes
5,1631534886128,13/09/2021 12:08:06,1631534884566,1,13/09/2021 13:08:04,61434,1,questionnaire-292l,,15676189,60c787584a64aa3bc3d53c8a,4646270,,complete,,613f3da8b1bd9bfe467ea7b8,computer,Desktop or Laptop,Windows 10,Chrome 93.0.4577.63,1366x768,1349x625,,Specific Consent sept21- pilot30,2,No,response-12-1,Yes
6,1631534886128,13/09/2021 12:08:06,1631534884566,1,13/09/2021 13:08:04,61434,1,questionnaire-292l,,15676189,60c787584a64aa3bc3d53c8a,4646270,,complete,,613f3da8b1bd9bfe467ea7b8,computer,Desktop or Laptop,Windows 10,Chrome 93.0.4577.63,1366x768,1349x625,,Specific Consent sept21- pilot30,2,No,response-5-1,Yes
7,1631534886128,13/09/2021 12:08:06,1631534884567,1,13/09/2021 13:08:04,61434,1,questionnaire-292l,,15676189,60c787584a64aa3bc3d53c8a,4646270,,complete,,613f3da8b1bd9bfe467ea7b8,computer,Desktop or Laptop,Windows 10,Chrome 93.0.4577.63,1366x768,1349x625,,Specific Consent sept21- pilot30,2,No,response-7-1,Yes
8,1631534886128,13/09/2021 12:08:06,1631534884567,1,13/09/2021 13:08:04,61434,1,questionnaire-292l,,15676189,60c787584a64aa3bc3d53c8a,4646270,,complete,,613f3da8b1bd9bfe467ea7b8,computer,Desktop or Laptop,Windows 10,Chrome 93.0.4577.63,1366x768,1349x625,,Specific Consent sept21- pilot30,2,No,response-14,1
9,1631534886128,13/09/2021 12:08:06,1631534884568,1,13/09/2021 13:08:04,61434,1,questionnaire-292l,,15676189,60c787584a64aa3bc3d53c8a,4646270,,complete,,613f3da8b1bd9bfe467ea7b8,computer,Desktop or Laptop,Windows 10,Chrome 93.0.4577.63,1366x768,1349x625,,Specific Consent sept21- pilot30,2,No,END QUESTIONNAIRE,47245
1,1631527058087,13/09/2021 09:57:38,1631527058006,1,13/09/2021 10:57:38,61434,1,questionnaire-292l,,15670789,60dc3e33a9d79c613fb778a6,4645040,,complete,,613f2044e48e3dd01ee4118c,computer,Desktop or Laptop,Mac OS 10.13.6,Chrome 84.0.4147.125,1680x945,1680x866,,Specific Consent sept21- pilot30,2,No,BEGIN QUESTIONNAIRE,
2,1631527100893,13/09/2021 09:58:20,1631527100858,1,13/09/2021 10:58:20,61434,1,questionnaire-292l,,15670789,60dc3e33a9d79c613fb778a6,4645040,,complete,,613f2044e48e3dd01ee4118c,computer,Desktop or Laptop,Mac OS 10.13.6,Chrome 84.0.4147.125,1680x945,1680x866,,Specific Consent sept21- pilot30,2,No,response-9-1,Yes
3,1631527100987,13/09/2021 09:58:20,1631527100859,1,13/09/2021 10:58:20,61434,1,questionnaire-292l,,15670789,60dc3e33a9d79c613fb778a6,4645040,,complete,,613f2044e48e3dd01ee4118c,computer,Desktop or Laptop,Mac OS 10.13.6,Chrome 84.0.4147.125,1680x945,1680x866,,Specific Consent sept21- pilot30,2,No,response-10-2,No
4,1631527100987,13/09/2021 09:58:20,1631527100860,1,13/09/2021 10:58:20,61434,1,questionnaire-292l,,15670789,60dc3e33a9d79c613fb778a6,4645040,,complete,,613f2044e48e3dd01ee4118c,computer,Desktop or Laptop,Mac OS 10.13.6,Chrome 84.0.4147.125,1680x945,1680x866,,Specific Consent sept21- pilot30,2,No,response-11-1,Yes
5,1631527100987,13/09/2021 09:58:20,1631527100860,1,13/09/2021 10:58:20,61434,1,questionnaire-292l,,15670789,60dc3e33a9d79c613fb778a6,4645040,,complete,,613f2044e48e3dd01ee4118c,computer,Desktop or Laptop,Mac OS 10.13.6,Chrome 84.0.4147.125,1680x945,1680x866,,Specific Consent sept21- pilot30,2,No,response-12-1,Yes
6,1631527100987,13/09/2021 09:58:20,1631527100860,1,13/09/2021 10:58:20,61434,1,questionnaire-292l,,15670789,60dc3e33a9d79c613fb778a6,4645040,,complete,,613f2044e48e3dd01ee4118c,computer,Desktop or Laptop,Mac OS 10.13.6,Chrome 84.0.4147.125,1680x945,1680x866,,Specific Consent sept21- pilot30,2,No,response-5-2,No
7,1631527100987,13/09/2021 09:58:20,1631527100860,1,13/09/2021 10:58:20,61434,1,questionnaire-292l,,15670789,60dc3e33a9d79c613fb778a6,4645040,,complete,,613f2044e48e3dd01ee4118c,computer,Desktop or Laptop,Mac OS 10.13.6,Chrome 84.0.4147.125,1680x945,1680x866,,Specific Consent sept21- pilot30,2,No,response-7-2,No
8,1631527100987,13/09/2021 09:58:20,1631527100860,1,13/09/2021 10:58:20,61434,1,questionnaire-292l,,15670789,60dc3e33a9d79c613fb778a6,4645040,,complete,,613f2044e48e3dd01ee4118c,computer,Desktop or Laptop,Mac OS 10.13.6,Chrome 84.0.4147.125,1680x945,1680x866,,Specific Consent sept21- pilot30,2,No,response-14,1
9,1631527100987,13/09/2021 09:58:20,1631527100860,1,13/09/2021 10:58:20,61434,1,questionnaire-292l,,15670789,60dc3e33a9d79c613fb778a6,4645040,,complete,,613f2044e48e3dd01ee4118c,computer,Desktop or Laptop,Mac OS 10.13.6,Chrome 84.0.4147.125,1680x945,1680x866,,Specific Consent sept21- pilot30,2,No,END QUESTIONNAIRE,42854
1,1631525453374,13/09/2021 09:30:53,1631525453131,1,13/09/2021 10:30:53,61434,1,questionnaire-292l,,15670330,60cb07e335a3ead69def5309,4644899,,complete,,613f18cde2313d2ca2dac2fb,computer,Desktop or Laptop,Mac OS 10.15.7,Chrome 93.0.4577.63,1920x1080,1920x976,,Specific Consent sept21- pilot30,2,No,BEGIN QUESTIONNAIRE,
2,1631525502423,13/09/2021 09:31:42,1631525502202,1,13/09/2021 10:31:42,61434,1,questionnaire-292l,,15670330,60cb07e335a3ead69def5309,4644899,,complete,,613f18cde2313d2ca2dac2fb,computer,Desktop or Laptop,Mac OS 10.15.7,Chrome 93.0.4577.63,1920x1080,1905x976,,Specific Consent sept21- pilot30,2,No,response-9-1,Yes
3,1631525502470,13/09/2021 09:31:42,1631525502203,1,13/09/2021 10:31:42,61434,1,questionnaire-292l,,15670330,60cb07e335a3ead69def5309,4644899,,complete,,613f18cde2313d2ca2dac2fb,computer,Desktop or Laptop,Mac OS 10.15.7,Chrome 93.0.4577.63,1920x1080,1905x976,,Specific Consent sept21- pilot30,2,No,response-10-2,No
4,1631525502470,13/09/2021 09:31:42,1631525502203,1,13/09/2021 10:31:42,61434,1,questionnaire-292l,,15670330,60cb07e335a3ead69def5309,4644899,,complete,,613f18cde2313d2ca2dac2fb,computer,Desktop or Laptop,Mac OS 10.15.7,Chrome 93.0.4577.63,1920x1080,1905x976,,Specific Consent sept21- pilot30,2,No,response-11-1,Yes
5,1631525502470,13/09/2021 09:31:42,1631525502203,1,13/09/2021 10:31:42,61434,1,questionnaire-292l,,15670330,60cb07e335a3ead69def5309,4644899,,complete,,613f18cde2313d2ca2dac2fb,computer,Desktop or Laptop,Mac OS 10.15.7,Chrome 93.0.4577.63,1920x1080,1905x976,,Specific Consent sept21- pilot30,2,No,response-12-1,Yes
6,1631525502470,13/09/2021 09:31:42,1631525502203,1,13/09/2021 10:31:42,61434,1,questionnaire-292l,,15670330,60cb07e335a3ead69def5309,4644899,,complete,,613f18cde2313d2ca2dac2fb,computer,Desktop or Laptop,Mac OS 10.15.7,Chrome 93.0.4577.63,1920x1080,1905x976,,Specific Consent sept21- pilot30,2,No,response-5-1,Yes
7,1631525502470,13/09/2021 09:31:42,1631525502203,1,13/09/2021 10:31:42,61434,1,questionnaire-292l,,15670330,60cb07e335a3ead69def5309,4644899,,complete,,613f18cde2313d2ca2dac2fb,computer,Desktop or Laptop,Mac OS 10.15.7,Chrome 93.0.4577.63,1920x1080,1905x976,,Specific Consent sept21- pilot30,2,No,response-7-1,Yes
8,1631525502470,13/09/2021 09:31:42,1631525502203,1,13/09/2021 10:31:42,61434,1,questionnaire-292l,,15670330,60cb07e335a3ead69def5309,4644899,,complete,,613f18cde2313d2ca2dac2fb,computer,Desktop or Laptop,Mac OS 10.15.7,Chrome 93.0.4577.63,1920x1080,1905x976,,Specific Consent sept21- pilot30,2,No,response-14,1
9,1631525502470,13/09/2021 09:31:42,1631525502203,1,13/09/2021 10:31:42,61434,1,questionnaire-292l,,15670330,60cb07e335a3ead69def5309,4644899,,complete,,613f18cde2313d2ca2dac2fb,computer,Desktop or Laptop,Mac OS 10.15.7,Chrome 93.0.4577.63,1920x1080,1905x976,,Specific Consent sept21- pilot30,2,No,END QUESTIONNAIRE,49073
1,1631805941266,16/09/2021 15:25:41,1631805940246,1,16/09/2021 16:25:40,61434,1,questionnaire-292l,,15804679,6068aa0d235907f79872a401,4678112,,complete,,614361d10900c57232bb1b94,computer,Desktop or Laptop,Windows 10,Firefox 91.0,1280x720,1280x595,,Specific Consent sept21- pilot30,2,No,BEGIN QUESTIONNAIRE,
2,1631806016591,16/09/2021 15:26:56,1631806008502,1,16/09/2021 16:26:48,61434,1,questionnaire-292l,,15804679,6068aa0d235907f79872a401,4678112,,complete,,614361d10900c57232bb1b94,computer,Desktop or Laptop,Windows 10,Firefox 91.0,1280x720,1263x595,,Specific Consent sept21- pilot30,2,No,response-9-1,Yes
3,1631806016693,16/09/2021 15:26:56,1631806008504,1,16/09/2021 16:26:48,61434,1,questionnaire-292l,,15804679,6068aa0d235907f79872a401,4678112,,complete,,614361d10900c57232bb1b94,computer,Desktop or Laptop,Windows 10,Firefox 91.0,1280x720,1263x595,,Specific Consent sept21- pilot30,2,No,response-10-1,Yes
4,1631806016693,16/09/2021 15:26:56,1631806008504,1,16/09/2021 16:26:48,61434,1,questionnaire-292l,,15804679,6068aa0d235907f79872a401,4678112,,complete,,614361d10900c57232bb1b94,computer,Desktop or Laptop,Windows 10,Firefox 91.0,1280x720,1263x595,,Specific Consent sept21- pilot30,2,No,response-11-1,Yes
5,1631806016693,16/09/2021 15:26:56,1631806008505,1,16/09/2021 16:26:48,61434,1,questionnaire-292l,,15804679,6068aa0d235907f79872a401,4678112,,complete,,614361d10900c57232bb1b94,computer,Desktop or Laptop,Windows 10,Firefox 91.0,1280x720,1263x595,,Specific Consent sept21- pilot30,2,No,response-12-1,Yes
6,1631806016693,16/09/2021 15:26:56,1631806008506,1,16/09/2021 16:26:48,61434,1,questionnaire-292l,,15804679,6068aa0d235907f79872a401,4678112,,complete,,614361d10900c57232bb1b94,computer,Desktop or Laptop,Windows 10,Firefox 91.0,1280x720,1263x595,,Specific Consent sept21- pilot30,2,No,response-5-1,Yes
7,1631806016693,16/09/2021 15:26:56,1631806008506,1,16/09/2021 16:26:48,61434,1,questionnaire-292l,,15804679,6068aa0d235907f79872a401,4678112,,complete,,614361d10900c57232bb1b94,computer,Desktop or Laptop,Windows 10,Firefox 91.0,1280x720,1263x595,,Specific Consent sept21- pilot30,2,No,response-7-1,Yes
8,1631806016693,16/09/2021 15:26:56,1631806008506,1,16/09/2021 16:26:48,61434,1,questionnaire-292l,,15804679,6068aa0d235907f79872a401,4678112,,complete,,614361d10900c57232bb1b94,computer,Desktop or Laptop,Windows 10,Firefox 91.0,1280x720,1263x595,,Specific Consent sept21- pilot30,2,No,response-14,1
9,1631806016693,16/09/2021 15:26:56,1631806008506,1,16/09/2021 16:26:48,61434,1,questionnaire-292l,,15804679,6068aa0d235907f79872a401,4678112,,complete,,614361d10900c57232bb1b94,computer,Desktop or Laptop,Windows 10,Firefox 91.0,1280x720,1263x595,,Specific Consent sept21- pilot30,2,No,END QUESTIONNAIRE,68260
1,1631773260425,16/09/2021 06:21:00,1631773260278,2,16/09/2021 08:21:00,61434,1,questionnaire-292l,,15796186,60f1c4f0f3e180b295b31f51,4675036,,complete,,6142e23f38d0594d5c5e1cc8,computer,Desktop or Laptop,Mac OS 10.15.7,Chrome 93.0.4577.82,1440x900,1440x821,,Specific Consent sept21- pilot30,2,No,BEGIN QUESTIONNAIRE,
2,1631773274988,16/09/2021 06:21:14,1631773274905,2,16/09/2021 08:21:14,61434,1,questionnaire-292l,,15796186,60f1c4f0f3e180b295b31f51,4675036,,complete,,6142e23f38d0594d5c5e1cc8,computer,Desktop or Laptop,Mac OS 10.15.7,Chrome 93.0.4577.82,1440x900,1425x821,,Specific Consent sept21- pilot30,2,No,response-9-1,Yes
3,1631773275083,16/09/2021 06:21:15,1631773274906,2,16/09/2021 08:21:14,61434,1,questionnaire-292l,,15796186,60f1c4f0f3e180b295b31f51,4675036,,complete,,6142e23f38d0594d5c5e1cc8,computer,Desktop or Laptop,Mac OS 10.15.7,Chrome 93.0.4577.82,1440x900,1425x821,,Specific Consent sept21- pilot30,2,No,response-10-1,Yes
4,1631773275083,16/09/2021 06:21:15,1631773274906,2,16/09/2021 08:21:14,61434,1,questionnaire-292l,,15796186,60f1c4f0f3e180b295b31f51,4675036,,complete,,6142e23f38d0594d5c5e1cc8,computer,Desktop or Laptop,Mac OS 10.15.7,Chrome 93.0.4577.82,1440x900,1425x821,,Specific Consent sept21- pilot30,2,No,response-11-1,Yes
5,1631773275083,16/09/2021 06:21:15,1631773274907,2,16/09/2021 08:21:14,61434,1,questionnaire-292l,,15796186,60f1c4f0f3e180b295b31f51,4675036,,complete,,6142e23f38d0594d5c5e1cc8,computer,Desktop or Laptop,Mac OS 10.15.7,Chrome 93.0.4577.82,1440x900,1425x821,,Specific Consent sept21- pilot30,2,No,response-12-1,Yes
6,1631773275083,16/09/2021 06:21:15,1631773274907,2,16/09/2021 08:21:14,61434,1,questionnaire-292l,,15796186,60f1c4f0f3e180b295b31f51,4675036,,complete,,6142e23f38d0594d5c5e1cc8,computer,Desktop or Laptop,Mac OS 10.15.7,Chrome 93.0.4577.82,1440x900,1425x821,,Specific Consent sept21- pilot30,2,No,response-5-1,Yes
7,1631773275083,16/09/2021 06:21:15,1631773274907,2,16/09/2021 08:21:14,61434,1,questionnaire-292l,,15796186,60f1c4f0f3e180b295b31f51,4675036,,complete,,6142e23f38d0594d5c5e1cc8,computer,Desktop or Laptop,Mac OS 10.15.7,Chrome 93.0.4577.82,1440x900,1425x821,,Specific Consent sept21- pilot30,2,No,response-7-1,Yes
8,1631773275083,16/09/2021 06:21:15,1631773274907,2,16/09/2021 08:21:14,61434,1,questionnaire-292l,,15796186,60f1c4f0f3e180b295b31f51,4675036,,complete,,6142e23f38d0594d5c5e1cc8,computer,Desktop or Laptop,Mac OS 10.15.7,Chrome 93.0.4577.82,1440x900,1425x821,,Specific Consent sept21- pilot30,2,No,response-14,1
9,1631773275083,16/09/2021 06:21:15,1631773274907,2,16/09/2021 08:21:14,61434,1,questionnaire-292l,,15796186,60f1c4f0f3e180b295b31f51,4675036,,complete,,6142e23f38d0594d5c5e1cc8,computer,Desktop or Laptop,Mac OS 10.15.7,Chrome 93.0.4577.82,1440x900,1425x821,,Specific Consent sept21- pilot30,2,No,END QUESTIONNAIRE,14629
1,1631735067967,15/09/2021 19:44:27,1631735067350,1,15/09/2021 20:44:27,61434,1,questionnaire-292l,,15784905,5e348aac2c227f06b0d9f590,4672522,,complete,,61424cfc5da8b0b404bb95d1,computer,Desktop or Laptop,Mac OS 10.15.6,Safari 14.0.2,1440x900,1380x731,,Specific Consent sept21- pilot30,2,No,BEGIN QUESTIONNAIRE,
2,1631735093351,15/09/2021 19:44:53,1631735092780,1,15/09/2021 20:44:52,61434,1,questionnaire-292l,,15784905,5e348aac2c227f06b0d9f590,4672522,,complete,,61424cfc5da8b0b404bb95d1,computer,Desktop or Laptop,Mac OS 10.15.6,Safari 14.0.2,1440x900,1380x731,,Specific Consent sept21- pilot30,2,No,response-9-1,Yes
3,1631735093535,15/09/2021 19:44:53,1631735092782,1,15/09/2021 20:44:52,61434,1,questionnaire-292l,,15784905,5e348aac2c227f06b0d9f590,4672522,,complete,,61424cfc5da8b0b404bb95d1,computer,Desktop or Laptop,Mac OS 10.15.6,Safari 14.0.2,1440x900,1380x731,,Specific Consent sept21- pilot30,2,No,response-10-1,Yes
4,1631735093535,15/09/2021 19:44:53,1631735092782,1,15/09/2021 20:44:52,61434,1,questionnaire-292l,,15784905,5e348aac2c227f06b0d9f590,4672522,,complete,,61424cfc5da8b0b404bb95d1,computer,Desktop or Laptop,Mac OS 10.15.6,Safari 14.0.2,1440x900,1380x731,,Specific Consent sept21- pilot30,2,No,response-11-1,Yes
5,1631735093535,15/09/2021 19:44:53,1631735092782,1,15/09/2021 20:44:52,61434,1,questionnaire-292l,,15784905,5e348aac2c227f06b0d9f590,4672522,,complete,,61424cfc5da8b0b404bb95d1,computer,Desktop or Laptop,Mac OS 10.15.6,Safari 14.0.2,1440x900,1380x731,,Specific Consent sept21- pilot30,2,No,response-12-1,Yes
6,1631735093535,15/09/2021 19:44:53,1631735092782,1,15/09/2021 20:44:52,61434,1,questionnaire-292l,,15784905,5e348aac2c227f06b0d9f590,4672522,,complete,,61424cfc5da8b0b404bb95d1,computer,Desktop or Laptop,Mac OS 10.15.6,Safari 14.0.2,1440x900,1380x731,,Specific Consent sept21- pilot30,2,No,response-5-1,Yes
7,1631735093535,15/09/2021 19:44:53,1631735092782,1,15/09/2021 20:44:52,61434,1,questionnaire-292l,,15784905,5e348aac2c227f06b0d9f590,4672522,,complete,,61424cfc5da8b0b404bb95d1,computer,Desktop or Laptop,Mac OS 10.15.6,Safari 14.0.2,1440x900,1380x731,,Specific Consent sept21- pilot30,2,No,response-7-1,Yes
8,1631735093535,15/09/2021 19:44:53,1631735092782,1,15/09/2021 20:44:52,61434,1,questionnaire-292l,,15784905,5e348aac2c227f06b0d9f590,4672522,,complete,,61424cfc5da8b0b404bb95d1,computer,Desktop or Laptop,Mac OS 10.15.6,Safari 14.0.2,1440x900,1380x731,,Specific Consent sept21- pilot30,2,No,response-14,1
9,1631735093535,15/09/2021 19:44:53,1631735092782,1,15/09/2021 20:44:52,61434,1,questionnaire-292l,,15784905,5e348aac2c227f06b0d9f590,4672522,,complete,,61424cfc5da8b0b404bb95d1,computer,Desktop or Laptop,Mac OS 10.15.6,Safari 14.0.2,1440x900,1380x731,,Specific Consent sept21- pilot30,2,No,END QUESTIONNAIRE,25432
1,1631619523814,14/09/2021 11:38:43,1631619523725,1,14/09/2021 12:38:43,61434,1,questionnaire-292l,,15711433,60f46e90071a4071e99e5d5e,4654218,,complete,,614089b4a96a45e80efb1a4b,computer,Desktop or Laptop,Mac OS 10.15.4,Chrome 93.0.4577.63,1440x900,1440x821,,Specific Consent sept21- pilot30,2,No,BEGIN QUESTIONNAIRE,
2,1631619549653,14/09/2021 11:39:09,1631619549560,1,14/09/2021 12:39:09,61434,1,questionnaire-292l,,15711433,60f46e90071a4071e99e5d5e,4654218,,complete,,614089b4a96a45e80efb1a4b,computer,Desktop or Laptop,Mac OS 10.15.4,Chrome 93.0.4577.63,1440x900,1425x821,,Specific Consent sept21- pilot30,2,No,response-9-1,Yes
3,1631619549716,14/09/2021 11:39:09,1631619549561,1,14/09/2021 12:39:09,61434,1,questionnaire-292l,,15711433,60f46e90071a4071e99e5d5e,4654218,,complete,,614089b4a96a45e80efb1a4b,computer,Desktop or Laptop,Mac OS 10.15.4,Chrome 93.0.4577.63,1440x900,1425x821,,Specific Consent sept21- pilot30,2,No,response-10-1,Yes
4,1631619549716,14/09/2021 11:39:09,1631619549562,1,14/09/2021 12:39:09,61434,1,questionnaire-292l,,15711433,60f46e90071a4071e99e5d5e,4654218,,complete,,614089b4a96a45e80efb1a4b,computer,Desktop or Laptop,Mac OS 10.15.4,Chrome 93.0.4577.63,1440x900,1425x821,,Specific Consent sept21- pilot30,2,No,response-11-1,Yes
5,1631619549716,14/09/2021 11:39:09,1631619549562,1,14/09/2021 12:39:09,61434,1,questionnaire-292l,,15711433,60f46e90071a4071e99e5d5e,4654218,,complete,,614089b4a96a45e80efb1a4b,computer,Desktop or Laptop,Mac OS 10.15.4,Chrome 93.0.4577.63,1440x900,1425x821,,Specific Consent sept21- pilot30,2,No,response-12-1,Yes
6,1631619549716,14/09/2021 11:39:09,1631619549562,1,14/09/2021 12:39:09,61434,1,questionnaire-292l,,15711433,60f46e90071a4071e99e5d5e,4654218,,complete,,614089b4a96a45e80efb1a4b,computer,Desktop or Laptop,Mac OS 10.15.4,Chrome 93.0.4577.63,1440x900,1425x821,,Specific Consent sept21- pilot30,2,No,response-5-1,Yes
7,1631619549716,14/09/2021 11:39:09,1631619549562,1,14/09/2021 12:39:09,61434,1,questionnaire-292l,,15711433,60f46e90071a4071e99e5d5e,4654218,,complete,,614089b4a96a45e80efb1a4b,computer,Desktop or Laptop,Mac OS 10.15.4,Chrome 93.0.4577.63,1440x900,1425x821,,Specific Consent sept21- pilot30,2,No,response-7-1,Yes
8,1631619549716,14/09/2021 11:39:09,1631619549562,1,14/09/2021 12:39:09,61434,1,questionnaire-292l,,15711433,60f46e90071a4071e99e5d5e,4654218,,complete,,614089b4a96a45e80efb1a4b,computer,Desktop or Laptop,Mac OS 10.15.4,Chrome 93.0.4577.63,1440x900,1425x821,,Specific Consent sept21- pilot30,2,No,response-14,1
9,1631619549716,14/09/2021 11:39:09,1631619549562,1,14/09/2021 12:39:09,61434,1,questionnaire-292l,,15711433,60f46e90071a4071e99e5d5e,4654218,,complete,,614089b4a96a45e80efb1a4b,computer,Desktop or Laptop,Mac OS 10.15.4,Chrome 93.0.4577.63,1440x900,1425x821,,Specific Consent sept21- pilot30,2,No,END QUESTIONNAIRE,25837
END OF FILE
